,antecedents,consequents,antecedent support,consequent support,support,confidence,lift,leverage,conviction
1143,"frozenset({'admission_source_id_7', 'diabetesmed_Yes'})",frozenset({'readmitted_Yes'}),0.43469331603875555,0.4608808442898414,0.22189139791285892,0.5104550489409319,1.1075640380052636,0.021549575409766403,1.1012658889522668
193,frozenset({'number_diagnoses_9'}),frozenset({'readmitted_Yes'}),0.4861545113299137,0.4608808442898414,0.2459171039443429,0.5058414520758379,1.0975536482868473,0.021857802307297003,1.0909841749674571
361,"frozenset({'admission_source_id_7', 'race_Caucasian'})",frozenset({'readmitted_Yes'}),0.4201698013088851,0.4608808442898414,0.2111805514611953,0.5026076381580487,1.0905370539591484,0.01753233868886142,1.0838911030191216
